<?xml version="1.0" encoding="UTF-8"?>
<project-private xmlns="http://www.netbeans.org/ns/project-private/1">
    <editor-bookmarks xmlns="http://www.netbeans.org/ns/editor-bookmarks/2" lastBookmarkId="0"/>
    <open-files xmlns="http://www.netbeans.org/ns/projectui-open-files/2">
        <group>
            <file>file:/C:/Users/shivu/OneDrive/Desktop/sem2/java2/OrderFX/Order.dat</file>
            <file>file:/C:/Users/shivu/OneDrive/Desktop/sem2/java2/OrderFX/src/content/OrderFile.java</file>
            <file>file:/C:/Users/shivu/OneDrive/Desktop/sem2/java2/OrderFX/src/content/Order.java</file>
            <file>file:/C:/Users/shivu/OneDrive/Desktop/sem2/java2/OrderFX/src/orderfx/Main.java</file>
            <file>file:/C:/Users/shivu/OneDrive/Desktop/sem2/java2/OrderFX/src/content/Order.dat</file>
        </group>
    </open-files>
</project-private>
